station,xCor,yCor
"구로React.createElement('br')디지털단지",428.56005859375,349.17529296875
"동대문React.createElement('br')역사문화React.createElement('br')공원",755.0908203125,643.30615234375
"기React.createElement('br')흥",924.7822265625,157.83056640625
병점,789.943359375,115.65966796875
수원,769.3935546875,144.07958984375
금정,669.52734375,172.58056640625
"오React.createElement('br')이React.createElement('br')도",408.59130859375,139.75439453125
온수,212.38720703125,378.60791015625
오금,1117.255859375,411.84326171875
회룡,810.103515625,1209.66455078125
도봉산,854.8466796875,1109.73193359375
노원,928.240234375,993.29248046875
불광,531.30908203125,822.13037109375
삼각지,656.26171875,533.14208984375
용산,612.05322265625,529.72802734375
이촌,659.3076171875,476.68798828125
충정로,620.00439453125,626.25537109375
시청,648.068359375,637.88134765625
서울역,664.4169921875,611.64990234375
충무로,708.0341796875,629.83837890625
종로3가,691.2724609375,684.01123046875
대곡,408.77490234375,962.51708984375
연신내,514.23779296875,856.87646484375
디지털미디어시티,457.44970703125,692.22412109375
공덕,595.90966796875,577.13427734375
강동,1133.2822265625,546.48876953125
천호,1107.8857421875,556.47216796875
가락시장,1093.359375,374.37939453125
성수,897.8935546875,579.43408203125
정자,1044.1064453125,156.65380859375
모란,1085.37109375,225.11474609375
복정,1087.0146484375,296.27099609375
수서,1039.2666015625,353.06787109375
도곡,901.7587890625,377.30615234375
양재,845.845703125,342.56591796875
옥수,795.6767578125,559.31884765625
약수,774.5107421875,621.58544921875
청구,781.7314453125,638.49951171875
신당,784.333984375,659.81201171875
동묘앞,784.333984375,680.35498046875
광운대,908.5263671875,862.39990234375
석계,921.9013671875,833.21630859375
태릉입구,966.203125,835.81396484375
창동,885.83984375,977.68212890625
동대문,758.2802734375,680.35498046875
신설동,803.66796875,692.96044921875
청량리,869.40625,705.37548828125
회기,897.8134765625,733.78369140625
망우,1015.82421875,770.07568359375
상봉,999.2861328125,764.76220703125
군자,983.4765625,629.79345703125
강남구청,865.171875,467.85498046875
신길,482.79931640625,467.26513671875
여의도,510.46337890625,491.81787109375
노량진,545.67724609375,450.66552734375
동작,662.7724609375,404.95849609375
고속터미널,717.3984375,433.23486328125
총신대입구(이수),689.5107421875,346.78271484375
을지로4가,723.7314453125,659.39697265625
을지로3가,702.4716796875,645.72607421875
잠실,1042.34375,454.87451171875
왕십리,843.318359375,645.72412109375
건대입구,952.8798828125,556.15478515625
선릉,882.4580078125,426.13037109375
강남,821.6708984375,400.95068359375
교대,775.1728515625,381.69091796875
사당,689.515625,325.80224609375
신도림,421.25439453125,443.45068359375
계양,74.47021484375,703.40771484375
원인재,201.79833984375,199.84326171875
부평,120.38916015625,390.11474609375
부평구청,90.12744140625,431.16064453125
김포공항,146.21142578125,635.08447265625
까치산,284.48291015625,531.43603515625
구로,377.44482421875,422.28955078125
금천구청,438.00341796875,240.00146484375
"가산React.createElement('br')디지털단지",396.75341796875,344.01123046875
대림,422.17431640625,368.88037109375
영등포구청,419.79443359375,508.72900390625
당산,445.36181640625,550.33544921875
합정,489.95166015625,594.56396484375
홍대입구,507.52880859375,614.64794921875
압구정로데오,857.2919921875,510.97802734375
석수,458.27685546875,188.62353515625
광명,412.70068359375,215.56201171875
서울숲,845.7763671875,570.13720703125
작전,77.08935546875,496.35302734375
신정네거리,258.78955078125,483.76416015625
일원,989.015625,348.98583984375
대청,975.7119140625,380.08740234375
양재시민의숲,863.3369140625,300.13037109375
신용산,637.40869140625,515.22998046875
경찰병원,1109.21875,390.14599609375
석촌,1051.3681640625,427.73095703125
미아,822.2763671875,880.00146484375
사릉,1081.931640625,935.35888671875
신답,876.93359375,675.49169921875
용답,892.49609375,640.67626953125
강변,1014.8984375,535.54638671875
잠실나루,1036.8447265625,482.56298828125
공릉,956.6796875,876.45654296875
수락산,908.75,1070.90771484375
마들,919.9599609375,1025.42724609375
중계,938.1650390625,951.55517578125
하계,947.052734375,915.50537109375
먹골,970.501953125,820.38427734375
중화,977.8798828125,790.43603515625
녹번,543.88427734375,785.39990234375
선정릉,872.193359375,450.65283203125
한티,895.3779296875,394.68701171875
남부터미널,786.8662109375,353.21337890625
화곡,266.07373046875,567.14990234375
우장산,254.92626953125,594.06689453125
발산,242.28662109375,624.58056640625
부평시장,112.08056640625,411.84814453125
동막,218.04931640625,155.15576171875
동춘,210.05712890625,174.44580078125
신연수,194.15087890625,212.84326171875
선학,186.23388671875,231.95849609375
문학경기장,178.31689453125,251.07275390625
인천터미널,170.40087890625,270.18701171875
예술회관,162.48486328125,289.30029296875
인천시청,154.56884765625,308.41552734375
간석오거리,146.65185546875,327.52978515625
부평삼거리,138.73583984375,346.64501953125
동수,132.34716796875,362.06494140625
갈산,88.73876953125,468.20751953125
간석,77.67236328125,406.69873046875
주안,71.05224609375,422.71923828125
도화,64.43798828125,438.73974609375
제물포,57.82470703125,454.76025390625
도원,51.20458984375,470.78076171875
동인천,44.59130859375,486.80224609375
인천,37.97802734375,502.82275390625
독산,417.83056640625,286.27587890625
부천종합운동장,198.88427734375,419.67724609375
까치울,205.32275390625,402.02001953125
당고개,980.427734375,1046.98291015625
녹천,879.3818359375,947.05810546875
월계,897.52734375,903.30126953125
금곡,1075.732421875,950.39111328125
평내호평,1069.3076171875,965.91162109375
천마산,1062.8759765625,981.43603515625
마석,1056.4423828125,996.96240234375
대성리,1050.0166015625,1012.48876953125
청평,1043.5849609375,1028.01416015625
상천,1037.1533203125,1043.53369140625
가평,1030.720703125,1059.05908203125
굴봉산,1024.2890625,1074.58544921875
백양리,1017.8564453125,1087.96337890625
강촌,1011.42578125,1105.63720703125
김유정,1004.994140625,1121.16259765625
남춘천,998.560546875,1136.68896484375
춘천,992.12890625,1152.21337890625
양원,1055.7041015625,776.35205078125
도심,1085.8662109375,704.32763671875
덕소,1079.5712890625,718.73193359375
양정,1073.6025390625,733.13720703125
도농,1067.634765625,747.54248046875
구리,1061.654296875,761.94580078125
장암,901.3544921875,1155.27685546875
화전,372.66259765625,817.95556640625
행신,391.95947265625,864.47705078125
능곡,410.02197265625,908.07861328125
곡산,435.44970703125,970.41455078125
마두,376.18310546875,948.47509765625
정발산,343.26611328125,946.13916015625
주엽,341.38623046875,927.90283203125
대화,333.68310546875,909.66455078125
수유,818.7841796875,921.51904296875
개화산,174.43017578125,680.26611328125
방화,183.74853515625,702.76806640625
명일,1176.802734375,596.39794921875
굽은다리,1168.2177734375,575.67529296875
방이,1112.0458984375,439.19287109375
올림픽공원,1124.677734375,469.96337890625
둔촌동,1141.3798828125,510.65966796875
길동,1156.341796875,547.00927734375
한강진,721.888671875,556.05322265625
암사,1122.7470703125,591.78857421875
강동구청,1093.11328125,520.23486328125
몽촌토성,1072.669921875,473.90869140625
버티고개,730.138671875,589.35302734375
고려대,818.65234375,746.29541015625
월곡,842.6083984375,789.89208984375
별내,1073.3525390625,903.99560546875
퇴계원,1079.5029296875,919.12744140625
갈매,1067.08984375,888.85888671875
중곡,992.455078125,650.27978515625
어린이대공원,965.2236328125,584.66845703125
뚝섬유원지,940.240234375,524.46240234375
서강대,544.40478515625,604.14013671875
가좌,474.87451171875,673.67138671875
화서,786.673828125,167.28271484375
춘의,189.96142578125,436.37548828125
마천,1200.890625,396.49169921875
미아사거리,838.693359375,825.65283203125
신이문,915.4833984375,789.97998046875
서대문,617.80029296875,661.45751953125
공항시장,174.69189453125,656.61669921875
마장,866.2373046875,660.62451171875
신금호,798.2099609375,621.50732421875
동암,66.73779296875,388.63330078125
신림,528.52880859375,346.69677734375
응봉,836.1513671875,599.10986328125
한남,761.0576171875,524.01904296875
수색,433.33251953125,715.75830078125
강매,373.26513671875,775.82568359375
도림천,374.46142578125,466.93115234375
수내,1057.1875,171.59716796875
월드컵경기장,434.91650390625,670.05615234375
애오개,618.64697265625,600.00732421875
독립문,615.54541015625,687.20458984375
홍제,563.36279296875,739.55712890625
무악재,585.06494140625,717.69287109375
마포구청,442.48291015625,642.61376953125
망원,466.76416015625,615.32470703125
송파,1067.3837890625,406.03857421875
달월,391.17724609375,174.44677734375
월곶,368.54931640625,196.55517578125
소래포구,324.94677734375,199.81884765625
가양,316.37841796875,649.42041015625
증미,333.83251953125,631.96533203125
등촌,354.13818359375,611.65576171875
염창,374.53564453125,591.25048828125
신목동,391.84033203125,574.20263671875
국회의사당,491.31494140625,512.76318359375
샛강,529.53662109375,474.54150390625
남성,650.224609375,352.85888671875
숭실대입구,606.99755859375,396.08447265625
상도,582.73388671875,420.07275390625
역촌,513.59228515625,803.95166015625
증산,479.25244140625,714.38623046875
행당,827.62109375,621.99560546875
마포,577.66162109375,557.51220703125
여의나루,535.20556640625,515.05615234375
전대 · 에버랜드,1133.8779296875,191.50048828125
미금,1033.513671875,147.91748046875
서현,1069.720703125,184.02880859375
운동장 · 송림대,1085.1962890625,142.81884765625
김량장,1073.0263671875,130.65087890625
고진,1097.37109375,154.99462890625
보평,1109.5400390625,167.16357421875
둔전,1121.7158203125,179.33837890625
이매,1082.1708984375,196.56689453125
야탑,1094.107421875,208.49853515625
의정부시청,763.525390625,1195.66064453125
흥선,754.0322265625,1186.83642578125
의정부중앙,741.599609375,1174.40380859375
동오,729.1669921875,1161.97216796875
새말,716.7353515625,1149.54638671875
"경기도청React.createElement('br')북부청사",704.3095703125,1137.11474609375
효자,691.8779296875,1124.68310546875
곤제,679.4453125,1112.25048828125
어룡,667.0146484375,1099.81884765625
송산,654.5830078125,1087.38720703125
탑석,642.150390625,1074.95556640625
소요산,695.1904296875,1074.67431640625
동두천,708.080078125,1086.06005859375
보산,719.466796875,1097.44580078125
동두천중앙,730.8525390625,1108.83154296875
지행,742.23828125,1120.21728515625
덕정,753.625,1131.60302734375
덕계,765.0107421875,1142.98876953125
양주,776.396484375,1154.37451171875
녹양,787.7822265625,1165.76025390625
가능,799.16796875,1177.14697265625
의정부,810.5537109375,1188.53271484375
길음,809.5703125,795.87939453125
성신여대입구,780.2861328125,766.58837890625
한성대입구,755.134765625,741.42236328125
외대앞,893.3125,767.85791015625
봉화산,1004.623046875,850.25439453125
선유도,420.40576171875,562.24072265625
한양대,870.9345703125,619.89013671875
뚝섬,872.4560546875,589.66552734375
아현,603.45166015625,618.75048828125
회현,668.2919921875,623.11083984375
효창공원앞,619.61669921875,563.84423828125
대흥,552.96044921875,574.82861328125
사평,771.16015625,418.78173828125
구룡,908.6630859375,353.40380859375
청담,880.724609375,489.34619140625
신대방삼거리,520.83837890625,402.63037109375
방배,726.423828125,330.14892578125
상일동,1223.048828125,624.31982421875
고덕,1189.466796875,610.40966796875
산성,1112.1953125,286.19677734375
남한산성입구,1129.3564453125,278.53076171875
대모산입구,948.701171875,368.34033203125
개화,134.14013671875,701.95361328125
화랑대,969.89453125,855.97705078125
제기동,826.6044921875,704.03369140625
거여,1160.64453125,394.16845703125
개통,1132.40625,405.86865234375
판교,1013.134765625,178.94287109375
청계산입구,896.7646484375,227.14892578125
영등포시장,450.46240234375,498.52880859375
노들,584.64404296875,439.60693359375
흑석,614.04833984375,427.42529296875
광나루,1041.4052734375,584.86279296875
장한평,927.87109375,652.99658203125
답십리,891.265625,668.18310546875
철산,337.34716796875,327.60009765625
광명사거리,293.54443359375,345.74365234375
천왕,249.76611328125,363.88037109375
상월곡,866.814453125,813.27783203125
돌곶이,891.8916015625,823.66162109375
상계,951.169921875,1003.57666015625
쌍문,837.916015625,956.66748046875
잠원,760.970703125,466.90576171875
신사,788.1005859375,478.20458984375
학동,821.87890625,466.47412109375
구반포,697.9912109375,401.12646484375
신반포,723.537109375,411.70458984375
신논현,807.81640625,420.07275390625
논현,792.5859375,455.11376953125
반포,763.39453125,443.79736328125
개포동,930.564453125,360.82470703125
학여울,933.36328125,396.86767578125
대치,917.599609375,388.04345703125
매봉,866.4755859375,366.86865234375
내방,707.8349609375,370.30712890625
삼성,918.3515625,440.19580078125
역삼,841.0107421875,408.15966796875
서초,750.373046875,370.62060546875
장승배기,536.31396484375,429.77392578125
낙성대,626.40673828125,332.60400390625
영등포,461.04052734375,458.14501953125
구일,343.32861328125,409.36865234375
개봉,308.59423828125,394.98193359375
오류동,273.85986328125,380.59716796875
양천구청,334.52880859375,452.80810546875
발곡,834.3466796875,1195.26513671875
운서,93.04248046875,761.63916015625
동대입구,740.4033203125,624.62646484375
수진,1117.7939453125,218.20556640625
보문,788.666015625,723.36669921875
안암,817.7626953125,723.36669921875
백운,93.66845703125,377.18408203125
상왕십리,811.25,659.79833984375
용두,854.20703125,686.52197265625
구의,986.166015625,554.55517578125
신천,984.318359375,448.49951171875
종합운동장,940.2529296875,448.49951171875
서울대입구,580.71142578125,346.67138671875
신촌,545.37060546875,617.04150390625
이대,570.97314453125,617.04150390625
범골,794.1708984375,1209.33837890625
"경전철React.createElement('br')의정부",772.9697265625,1216.85400390625
명동,690.70703125,630.06787109375
안국,688.5908203125,701.36474609375
경복궁,650.2666015625,701.34716796875
백석,396.83837890625,948.34326171875
상수,502.59423828125,579.02490234375
광흥창,526.09326171875,579.02490234375
서빙고,692.8486328125,476.66943359375
녹사평,688.814453125,533.11865234375
이태원,712.52734375,533.14990234375
광화문,658.2392578125,684.43701171875
양평,391.12060546875,509.19384765625
오목교,357.62060546875,509.19384765625
목동,328.52294921875,509.19384765625
신정,304.02099609375,509.19384765625
마곡,211.18603515625,634.12646484375
송정,177.66162109375,634.12646484375
"공항화물React.createElement('br')청사",114.36181640625,769.14990234375
인천국제공항,138.61865234375,761.63330078125
신방화,187.66357421875,670.64599609375
마곡나루,214.43701171875,670.65185546875
양천향교,258.74072265625,670.65185546875
보라매,490.96337890625,401.85302734375
남구로,384.95166015625,362.91064453125
신풍,459.85595703125,401.70947265625
대방,512.42724609375,455.42138671875
종로5가,732.65625,680.02197265625
종각역,678.6318359375,665.86083984375
을지로입구,671.5244140625,645.63134765625
봉천,555.96044921875,346.67138671875
신대방,470.96630859375,349.17529296875
성균관대,755.7470703125,173.78271484375
의왕,740.9228515625,173.78271484375
당정,720.6689453125,173.78271484375
군포,700.357421875,173.78271484375
명학,619.59814453125,173.78271484375
안양,559.24267578125,173.78271484375
관악,499.18701171875,173.78271484375
인천논현,290.56884765625,199.79248046875
호구포,258.95947265625,199.79248046875
"남동React.createElement('br')인더스파크",225.47802734375,207.30712890625
망월사,880.56640625,1202.34228515625
문정,1114.5576171875,358.68310546875
구산,487.33154296875,824.38134765625
지축,503.59033203125,945.64404296875
아차산,1007.25390625,602.29248046875
혜화,744.818359375,714.30419921875
금호,789.73046875,588.57666015625
신흥,1144.568359375,233.26220703125
독바위,547.10400390625,851.02978515625
도봉,862.060546875,1075.98876953125
방학,861.9228515625,1031.65283203125
태평,1089.6171875,248.99365234375
단대오거리,1144.9892578125,252.84033203125
장지,1114.5498046875,328.18212890625
가천대,1084.07421875,272.71142578125
세류,790.1748046875,130.02978515625
남영,657.6513671875,560.83154296875
숙대입구,662.0166015625,577.83544921875
구파발,503.65185546875,918.76416015625
응암,487.32470703125,775.81298828125
새절,487.32470703125,749.43896484375
압구정,798.9677734375,505.99365234375
창신,786.654296875,704.12158203125
신내,1045.71484375,828.02001953125
중랑,952.697265625,752.33935546875
면목,999.26171875,737.96533203125
사가정,999.26171875,708.98681640625
용마산,999.26171875,682.58251953125
청라국제도시,75.94482421875,746.02587890625
경인교대입구,74.43603515625,527.48095703125
계산,74.43603515625,560.39306640625
임학,74.43603515625,593.31201171875
박촌,74.43603515625,626.22314453125
귤현,74.43603515625,659.13427734375
검암,74.43603515625,727.81884765625
남태령,689.5791015625,303.96435546875
선바위,689.5791015625,288.70751953125
경마공원,689.5791015625,273.45654296875
대공원,689.5791015625,258.20751953125
과천,689.5791015625,242.94970703125
정부과천청사,689.5791015625,227.69970703125
인덕원,689.5791015625,212.44384765625
평촌,689.5791015625,197.19384765625
범계,689.5791015625,181.94287109375
문래,421.92138671875,477.40869140625
"산React.createElement('br')본",675.26171875,140.31396484375
"강React.createElement('br')남React.createElement('br')대",928.72265625,117.40380859375
"캠React.createElement('br')퍼React.createElement('br')스React.createElement('br')타React.createElement('br')운",255.82861328125,140.13232421875
"팔React.createElement('br')당",1087.2685546875,684.81884765625
"용React.createElement('br')문",1222.787109375,684.81884765625
"원React.createElement('br')덕",1207.76171875,684.81884765625
"양React.createElement('br')평",1192.7373046875,684.81884765625
"오React.createElement('br')빈",1177.7119140625,684.81884765625
"아React.createElement('br')신",1162.6865234375,684.81884765625
"국React.createElement('br')수",1147.6630859375,684.81884765625
"신React.createElement('br')원",1132.6376953125,684.81884765625
"양React.createElement('br')수",1117.61328125,684.81884765625
"운React.createElement('br')길React.createElement('br')산",1102.587890625,684.81884765625
"연React.createElement('br')수",169.68896484375,186.03271484375
"정React.createElement('br')왕",432.08642578125,139.71923828125
"송React.createElement('br')도",151.83935546875,186.03271484375
"상React.createElement('br')동",137.62841796875,450.61181640625
"신React.createElement('br')중React.createElement('br')동",166.74560546875,458.12744140625
"부React.createElement('br')천React.createElement('br')시React.createElement('br')청",152.19677734375,465.64208984375
"삼React.createElement('br')산React.createElement('br')체React.createElement('br')육React.createElement('br')관",123.09912109375,473.15771484375
"굴React.createElement('br')포React.createElement('br')천",108.55126953125,458.12744140625
"지React.createElement('br')석",944.1298828125,116.56494140625
"어React.createElement('br')정",962.0048828125,116.56494140625
"동React.createElement('br')백",979.87890625,116.56494140625
"초React.createElement('br')당",997.751953125,116.56494140625
"삼React.createElement('br')가",1015.626953125,116.56494140625
"시React.createElement('br')청React.createElement('br')·React.createElement('br')용React.createElement('br')인React.createElement('br')대React.createElement('br')",1033.48828125,116.55322265625
"명React.createElement('br')지React.createElement('br')대",1051.3642578125,116.97900390625
"오React.createElement('br')리",1012.84765625,157.56884765625
"죽React.createElement('br')전",995.2607421875,157.56884765625
"보React.createElement('br')정",977.673828125,157.56884765625
"구React.createElement('br')성",960.0869140625,157.56884765625
"신React.createElement('br')갈",942.5009765625,157.56884765625
"상React.createElement('br')갈",906.9404296875,157.56884765625
"청React.createElement('br')명",888.966796875,157.56884765625
"영React.createElement('br')통",870.9912109375,157.56884765625
"망React.createElement('br')포",853.0166015625,157.56884765625
"매React.createElement('br')탄React.createElement('br')권React.createElement('br')선",835.04296875,170.09423828125
"수React.createElement('br')원React.createElement('br')시React.createElement('br')청",817.06640625,170.09423828125
"매React.createElement('br')교",799.09375,157.56884765625
"수React.createElement('br')리React.createElement('br')산",655.2470703125,139.71337890625
"대React.createElement('br')야React.createElement('br')미",632.93212890625,139.71337890625
"반React.createElement('br')월",610.61669921875,139.71337890625
"상React.createElement('br')록React.createElement('br')수",588.30224609375,139.71337890625
"한React.createElement('br')대React.createElement('br')앞",565.98779296875,139.71337890625
"중React.createElement('br')앙",543.67333984375,139.71337890625
"고React.createElement('br')잔",521.35791015625,139.71337890625
"초React.createElement('br')지",499.04345703125,139.71337890625
"안React.createElement('br')산",476.72900390625,139.71337890625
"진React.createElement('br')위",716.3916015625,92.42333984375
"서React.createElement('br')동React.createElement('br')탄",803.8662109375,92.42333984375
"세React.createElement('br')마",772.068359375,91.90869140625
"오React.createElement('br')산React.createElement('br')대",753.5107421875,92.42333984375
"오React.createElement('br')산",734.9560546875,92.42333984375
"송React.createElement('br')탄React.createElement('br')",697.83984375,92.42333984375
"서React.createElement('br')정React.createElement('br')리",679.2841796875,92.42333984375
"지React.createElement('br')제",660.7265625,92.42333984375
"평React.createElement('br')택",642.1689453125,92.42333984375
"성React.createElement('br')환",623.61279296875,92.42333984375
"직React.createElement('br')산",605.05615234375,92.42333984375
"두React.createElement('br')정",586.49951171875,92.42333984375
"천React.createElement('br')안",567.94189453125,92.42333984375
"봉React.createElement('br')명",549.38525390625,92.42333984375
"쌍React.createElement('br')용",530.82763671875,92.42333984375
"아React.createElement('br')산",512.27001953125,92.42333984375
"배React.createElement('br')방",493.71337890625,92.42333984375
"온React.createElement('br')양React.createElement('br')온React.createElement('br')천",475.15771484375,92.42333984375
"신React.createElement('br')창",456.60009765625,92.42333984375
"신React.createElement('br')길React.createElement('br')온React.createElement('br')천",454.43896484375,139.71337890625
"국React.createElement('br')제React.createElement('br')업React.createElement('br')무React.createElement('br')지React.createElement('br')구",348.42626953125,140.12646484375
"센React.createElement('br')트React.createElement('br')럴React.createElement('br')파React.createElement('br')크",322.21630859375,140.12646484375
"인React.createElement('br')천React.createElement('br')대React.createElement('br')입React.createElement('br')구",299.88232421875,140.12646484375
"지React.createElement('br')식React.createElement('br')정React.createElement('br')보React.createElement('br')단React.createElement('br')지",277.55517578125,140.12646484375
"테React.createElement('br')크React.createElement('br')노React.createElement('br')파React.createElement('br')크",232.89404296875,140.12646484375
"역React.createElement('br')곡",192.95556640625,378.60791015625
"소React.createElement('br')사",180.21044921875,378.60791015625
"부React.createElement('br')천",167.46533203125,378.60791015625
"중React.createElement('br')동",154.72021484375,378.60791015625
"송React.createElement('br')내",141.97607421875,378.60791015625
"부React.createElement('br')개",129.22998046875,378.60791015625
"문React.createElement('br')산",594.49658203125,994.67236328125
"파React.createElement('br')주",577.49267578125,994.67236328125
"월React.createElement('br')롱",560.48876953125,994.67236328125
"금React.createElement('br')촌",543.48486328125,994.67236328125
"금React.createElement('br')릉",526.48193359375,994.67236328125
"운React.createElement('br')정",509.47802734375,994.67236328125
"탄React.createElement('br')현",492.47412109375,994.67236328125
"삼React.createElement('br')송",484.99560546875,948.32568359375
"원React.createElement('br')흥",469.38818359375,948.32568359375
"원React.createElement('br')당",453.78076171875,948.32568359375
"화React.createElement('br')당",438.17431640625,948.32568359375
"백React.createElement('br')마",441.46826171875,994.67236328125
"풍React.createElement('br')산",458.47216796875,994.67236328125
"일React.createElement('br')산",475.47509765625,994.67236328125